Constituency,Hebrew,English,Region,VEP,Quota,Votes,Invalid,Valid,Turnout,Largest List,Margin (Blocs),אמת,ג,ודעם,טב,ל,מחל,פה,שס,Opposition Bloc,Likud Bloc,3.25%,נץ,זץ,ז,זך,י,יז,ינ,יף,יק,יר,כ,כן,נ,נז,ני,נק,ףז,ץ,ק,קי,קך,קץ,end
1,ביתר ומערב גילה,Beitar & West Gilo,1,32464,1.001097276,25714,149,25565,79.2077378,ג,-91.17324561,147,13703,23,464,235,3202,722,6852,1127,24409,830.8625,188,0,4,0,0,2,1,0,1,0,0,1,1,8,1,0,1,1,1,0,0,7,end
2,הקסטל,Qastel,1,33248,1.025273602,23087,118,22969,69.43876323,מחל,6.080195684,1942,1899,3367,810,445,6586,6389,1349,12143,10751,746.4925,107,0,15,0,0,2,8,1,4,3,1,3,7,2,0,4,3,2,5,2,3,10,end
3,י-ם אצטדיון טדי,J'lem Teddy Stadium,1,31307,0.965418692,21611,109,21502,69.02929057,מחל,-60.71478561,752,4493,95,1778,505,6599,2858,4253,4210,17223,698.815,100,0,15,3,2,1,0,0,1,1,1,3,14,1,1,2,6,3,1,3,4,7,end
4,י-ם גן העצמאות,J'lem Independence Park,1,31938,0.984876934,17041,64,16977,53.35650322,מחל,-13.23773406,2520,1510,517,2069,267,4796,4017,1065,7321,9555,551.7525,115,0,26,2,0,2,0,1,7,1,10,1,26,4,1,0,10,1,4,0,2,3,end
5,י-ם הבריח,J'lem Collar,1,31551,0.972942957,18262,159,18103,57.88089126,ג,-91.69615215,176,9539,77,353,66,1582,432,5754,751,17337,588.3475,109,0,3,0,0,0,0,0,0,1,1,0,3,1,0,0,3,0,1,0,0,2,end
6,י-ם יפה נוף,J'lem Yefe Nof,1,32446,1.000542207,22488,114,22374,69.30900573,ג,-32.78974956,2158,5540,209,2017,397,4248,4737,2867,7501,14820,727.155,148,0,19,0,0,1,1,0,1,0,0,0,12,0,2,0,5,1,0,3,0,8,end
7,י-ם עיר גנים,J'lem Garden City,1,32743,1.009700841,20943,101,20842,63.96176282,מחל,-30.70327553,1744,1441,188,1428,919,8056,4342,2517,7193,13567,677.365,125,0,20,0,2,1,0,1,4,1,2,6,10,5,6,0,10,1,3,0,4,6,end
8,י-ם ענניה,J'lem Ananyah,1,33530,1.033969679,23864,215,23649,71.1720847,ג,-85.47164217,178,10094,105,862,382,4906,1050,5866,1715,21894,768.5925,166,0,3,0,1,0,0,1,7,0,1,1,10,5,0,0,4,1,1,0,2,3,end
9,י-ם פסגת זאב,J'lem Pisgat Zeev,1,31053,0.957586055,21477,87,21390,69.16239977,מחל,-52.66982326,515,698,127,1576,1707,10705,2699,3123,5048,16283,695.175,181,0,17,0,1,1,0,1,2,1,6,1,8,1,0,1,3,0,2,1,2,11,end
10,י-ם קבר רחל,J'lem Rachel's Tomb,1,34085,1.051084298,23005,89,22916,67.49303213,מחל,-54.0814091,514,1127,1574,2058,707,11240,2445,2998,5240,17583,744.77,160,0,9,1,0,0,0,1,3,1,1,4,12,2,2,2,2,3,5,1,0,3,end
11,י-ם קטמון,J'lem Katamon,1,33371,1.029066572,20997,95,20902,62.91990051,מחל,-24.89288981,2308,489,406,3629,288,7638,4799,1097,7801,12972,679.315,119,0,22,1,1,2,0,1,4,0,11,4,48,5,1,4,14,2,2,2,4,1,end
12,י-ם רוממה,J'lem Romema,1,32471,1.001313136,22782,163,22619,70.1610668,ג,-97.8573642,62,14506,10,1486,19,1519,151,4656,242,22347,735.1175,180,0,4,0,0,1,0,0,0,1,2,0,5,1,1,0,2,0,0,2,0,11,end
13,י-ם רמות,J'lem Ramot,1,32393,0.998907838,24785,206,24579,76.51344426,ג,-89.52132431,226,10762,15,1421,122,3454,922,7454,1285,23241,798.8175,150,0,14,0,1,1,0,0,0,1,1,0,6,1,1,0,10,3,0,0,3,11,end
14,י-ם שערים,J'lem Walls,1,32535,1.003286713,12323,123,12200,37.87613339,ג,-66.34038003,190,4912,1448,727,48,1257,360,3087,2046,10111,396.5,128,0,1,2,0,0,5,2,1,2,3,2,4,3,1,1,0,0,2,2,6,4,end
15,י-ם תלפיות,J'lem Talpiot,1,30884,0.952374577,18063,98,17965,58.486595,מחל,-17.71236333,1694,243,467,1653,670,7436,4507,1053,7338,10497,583.8625,112,0,22,0,1,2,3,0,12,1,13,3,31,11,4,2,8,3,0,4,3,6,end
16,מטה יהודה,Mateh Judea,1,31871,0.982810845,23925,71,23854,75.06824386,מחל,-4.67093082,3032,234,325,1757,578,8949,7392,1394,11327,12437,775.255,103,0,21,1,0,0,0,0,6,1,7,2,23,2,1,1,9,5,1,3,3,4,end
17,מעלה אדומים והר הצופים,Maale Edomim & Mt. Scopus,1,31289,0.964863623,21856,102,21754,69.85202467,מחל,-57.29911848,578,528,103,2426,1195,12263,2750,1645,4626,17041,707.005,179,0,15,1,1,0,0,0,7,1,9,1,25,5,0,2,5,0,3,1,2,9,end
18,אופק רחב,Broad Horizon,2,30935,0.953947272,24076,51,24025,77.82770325,פה,-0.939025917,2287,388,72,3297,437,7319,9072,940,11868,12093,780.8125,149,0,29,2,0,0,1,0,1,1,0,2,11,2,1,0,8,2,1,0,2,1,end
19,אור יהודה ויהוד מערב,Or Yehuda & Yehud West,2,32634,1.006339591,22968,175,22793,70.38058467,מחל,-45.70322808,815,235,24,610,454,11909,4880,3686,6173,16565,740.7725,125,0,5,0,1,2,2,0,2,0,5,4,13,3,1,0,1,5,1,1,5,4,end
20,אלעד וראש העין דרום,Elad & Rosh HaAyin South,2,32180,0.992339525,26469,123,26346,82.25295214,שס,-90.90909091,167,6909,7,1195,107,6444,915,10374,1196,25116,856.245,194,0,7,0,1,2,1,0,1,0,1,0,1,3,4,0,1,0,0,0,2,10,end
21,"ביל""ו",Bilu,2,30820,0.950400999,22731,100,22630,73.75405581,מחל,-10.44802629,1320,147,55,1092,1075,9788,7634,1323,10084,12437,735.475,87,0,26,2,2,1,1,1,5,1,0,4,18,7,4,3,10,1,9,3,5,6,end
22,גני יהודה,Ganei Yehuda,2,31623,0.975163232,23756,76,17680,75.12253739,פה,15.88927453,1555,354,68,882,683,7304,11384,1325,13690,9936,574.6,71,0,18,0,0,0,0,0,1,2,1,2,17,1,0,2,2,1,2,2,1,2,end
23,לוד דרום ורמלה מזרח,Lydda South & Ramle East,2,31233,0.963136743,20606,182,20424,65.97509045,מחל,-42.48488126,358,839,1827,872,1563,10276,2101,2380,5849,14490,663.78,123,0,10,1,0,1,2,0,3,0,4,8,21,3,3,1,3,6,4,4,6,5,end
24,לוד צפון,Lydda North,2,31833,0.981639033,18912,180,18732,59.41004618,ודעם,21.2082124,272,101,6238,1144,2727,5184,2039,843,11276,7330,608.79,58,0,12,2,3,1,7,4,3,1,4,4,9,9,5,7,7,7,11,4,9,19,end
25,מודיעין צפון,Modiin North,2,31449,0.969797567,24105,78,24027,76.64790613,פה,18.93387832,1996,164,61,1279,1195,7405,10715,623,13967,9520,780.8775,49,0,23,0,2,3,0,3,2,1,3,44,21,4,0,0,6,0,0,2,3,6,end
26,מטה בנימין,Mateh Benjamin,2,32706,1.008559866,25653,66,25587,78.43514951,טב,-85.31232855,223,1729,18,11010,322,7766,1311,2472,1874,23644,831.5775,667,0,23,1,1,1,0,0,0,1,2,1,18,1,0,1,6,2,0,0,0,11,end
27,מכבים-רעות ומודיעין דרום,Maccabim-Reut & Modiin South,2,31478,0.970691845,23754,71,23683,75.46222759,פה,18.5288759,2180,149,66,2989,712,6085,11029,316,13987,9614,769.6975,75,0,25,1,0,1,0,0,1,1,5,2,28,3,0,3,7,3,1,0,0,1,end
28,נס ציונה,Ness Ziona,2,33856,1.04402259,25604,104,25500,75.62618147,פה,25.40387563,2051,159,66,730,890,7666,12945,866,15952,9489,828.75,68,0,18,0,0,1,0,3,0,1,2,3,11,6,0,1,4,0,3,3,3,0,end
29,קרית ספר,Kiryat Sepher,2,33471,1.032150287,27599,386,27213,82.45645484,ג,-99.16117876,19,19406,3,1074,15,1297,77,5156,114,27067,884.4225,134,0,9,0,2,0,0,1,2,0,1,1,7,0,0,1,5,0,0,1,1,1,end
30,ראש העין צפון,Rosh HaAyin North,2,31781,0.980035501,24747,61,24686,77.86727919,פה,5.266574698,1169,402,36,1128,980,8272,10787,1750,12972,11674,802.295,122,0,11,1,0,0,0,1,0,0,1,3,13,1,1,0,3,1,1,0,2,1,end
31,רחובות דרך הים,Rehovot Sea Road,2,32514,1.002639133,21763,102,21661,66.93424371,פה,9.705541387,1737,147,91,721,1519,7672,8482,1117,11829,9736,703.9825,79,0,28,0,1,7,1,3,0,1,0,4,13,6,1,3,6,4,4,5,3,7,end
32,רחובות מושבה,Rehovot Moshava,2,31466,0.970321799,22032,73,21959,70.01843259,פה,8.863418421,1921,1624,117,1658,1472,5100,8410,1498,11920,9979,713.6675,99,0,17,1,0,7,0,1,1,0,3,1,16,1,1,1,1,0,2,1,1,5,end
33,רחובות שעריים,Rehovot Shaarayim,2,31222,0.962797534,21790,111,21679,69.79053232,מחל,-40.08516941,697,1451,24,1914,1595,8883,4156,2650,6472,15132,704.5675,234,0,17,0,0,2,0,0,5,3,2,1,13,4,2,3,2,3,4,4,2,8,end
34,רמלה דרום,Ramle South,2,32357,0.997797701,20675,193,20482,63.89652934,מחל,-21.32947694,430,124,4731,460,584,9343,2279,2362,8024,12375,665.665,86,0,10,2,0,3,4,1,2,0,4,4,15,7,2,4,3,3,9,3,4,3,end
35,רמלה מערב ובאר יעקב,Beer Yakov & Ramle West,2,32514,1.002639133,22760,149,22611,70.00061512,מחל,-31.26635618,676,282,443,623,1007,11156,5622,2636,7748,14797,734.8575,100,0,14,4,0,1,2,0,0,1,3,4,9,3,3,4,1,1,3,3,3,7,end
36,שדות טייסים,Pilots' Fields,2,31827,0.98145401,24282,80,24202,76.29371289,פה,11.67647303,1894,189,46,2372,559,7204,10977,786,13476,10658,786.565,107,0,27,0,4,0,0,0,0,1,4,2,13,0,0,1,11,1,1,0,0,3,end
37,אשדוד המצודה,Ashdod Citadel,3,32231,0.993912219,21961,82,21829,68.13626633,מחל,-16.7041749,554,163,6,745,3658,9620,4850,2106,9068,12705,709.4425,71,0,12,2,1,1,0,0,1,0,1,5,14,1,0,3,4,2,2,1,3,3,end
38,אשדוד הרב לוין,Ashdod Rabbi Levin,3,32538,1.003379225,23853,144,23709,73.30813203,ג,-80.96686951,96,10769,5,167,1354,3625,797,6778,2252,21412,770.5425,73,0,7,2,0,1,0,1,1,0,2,5,5,1,3,2,7,1,3,0,0,4,end
39,אשדוד מרכז,Ashdod Centre,3,32761,1.01025591,21470,127,21343,65.53524007,מחל,-24.12593985,375,295,18,674,4099,9790,3581,2371,8073,13207,693.6475,77,0,10,1,3,0,1,2,0,3,2,3,10,4,1,1,5,5,7,1,2,2,end
40,אשדוד נמל,Ashdod Port,3,33968,1.047476351,18167,138,18029,53.48268959,מחל,-22.87450521,462,221,17,493,3247,8111,3191,2130,6917,11020,585.9425,65,0,9,2,1,2,1,2,5,7,2,9,11,2,2,5,7,7,2,6,4,6,end
41,אשדוד עד הלום,Ashdod Ad Halom,3,31582,0.973898908,21196,116,21080,67.11417896,מחל,-11.40179803,313,2217,14,562,5994,6375,2992,2482,9313,11710,685.1,74,0,11,1,4,1,1,0,1,1,1,5,7,2,1,0,7,7,5,0,1,1,end
42,אשקלון ברנע,Ashkelon Barnea,3,33621,1.03677586,22349,94,22255,66.47333512,מחל,-31.03137396,657,286,21,1169,1967,11274,5005,1697,7650,14534,723.2875,108,0,12,3,5,2,0,0,1,3,5,4,9,3,0,2,5,2,7,0,4,4,end
43,אשקלון התל,Ashkelon Tell,3,33263,1.02573616,20310,137,20173,61.05883414,מחל,-34.43194265,452,493,24,839,3055,9628,3054,2431,6585,13501,655.6225,110,0,17,4,0,2,0,0,4,2,2,4,16,2,3,1,4,3,10,5,3,5,end
44,אשקלון מגדל,Ashkelon Migdal,3,33113,1.021110587,20818,171,20647,62.86956784,מחל,-37.96593674,329,375,23,752,3642,10134,2380,2776,6374,14176,671.0275,139,0,12,0,6,2,0,1,2,2,6,6,8,3,3,1,8,7,8,9,6,7,end
45,בית שמש הרטוב,Beth Shemesh Hartuv,3,32886,1.014110554,20992,148,20844,63.83263395,מחל,-67.55221869,355,4206,17,1275,1329,8680,1670,3096,3371,17407,677.43,150,0,5,1,3,3,1,0,3,1,3,4,11,3,3,4,8,0,4,0,3,6,end
46,בית שמש רמה,Beth Shemesh Heights,3,32271,0.995145706,22325,138,22187,69.17975892,ג,-96.6878751,39,11241,3,2326,53,2669,272,5354,367,21794,721.0775,204,0,9,0,0,0,0,0,0,0,3,0,6,0,0,0,2,0,0,1,2,3,end
47,גדרה ונחל שורק,Gedera & Sorek Valley,3,31486,0.970938542,23415,116,23299,74.36638506,מחל,-17.88929571,1146,1264,38,2302,1519,8465,6828,1447,9531,13684,757.2175,206,0,22,1,4,0,0,3,3,3,0,4,10,3,1,3,13,2,2,1,2,7,end
48,העוטף,The Envelope,3,32506,1.002392436,22134,117,22017,68.09204455,מחל,-15.40039196,2252,251,71,1645,1583,8813,5375,1773,9281,12660,715.5525,178,0,21,0,2,0,2,1,2,0,0,3,10,4,0,1,13,2,6,4,2,3,end
49,חולות ניצנים,Nitzan Dunes,3,33653,1.037762648,23290,109,23181,69.20631147,מחל,-20.88149976,566,227,7,1427,4033,10380,4531,1796,9137,13960,753.3825,130,0,24,1,3,2,1,1,0,3,1,6,15,7,1,0,7,0,6,1,0,5,end
50,חוף השפלה,Shfela Coast,3,32677,1.007665589,24937,68,24869,76.31361508,פה,6.593052309,1915,188,72,2022,783,8205,10455,1103,13225,11589,808.2425,71,0,20,0,1,2,0,1,2,2,0,3,12,1,2,1,2,2,0,1,0,3,end
51,יבנה,Yavne,3,33555,1.034740608,25148,129,25019,74.94561168,מחל,-25.16330702,819,252,23,1078,1077,11421,7418,2733,9337,15616,813.1175,132,0,20,2,3,1,2,0,0,0,1,6,14,1,0,2,5,0,4,1,0,4,end
52,קסטינה,Qastina,3,33058,1.019414544,24097,113,23984,72.89309698,מחל,-28.76506024,1454,1155,97,1099,433,10072,6530,2817,8514,15390,779.48,247,0,15,3,2,0,0,1,5,2,0,7,10,4,3,4,2,1,5,6,3,7,end
53,קרית גת מערב,Kiryat Gath West,3,31595,0.974299791,21300,215,21085,67.41573034,מחל,-43.11839223,342,2101,7,661,2997,8995,2626,3174,5972,15026,685.2625,95,0,12,0,0,2,2,1,4,1,4,7,15,5,8,0,4,3,7,6,4,2,end
54,שדות גת,Gath Fields,3,33308,1.027123831,25768,1730,25164,77.36279572,מחל,-40.90691744,1441,653,36,3155,625,10578,5313,3143,7415,17681,817.83,152,0,16,1,0,0,2,0,1,0,0,3,15,5,2,2,8,1,1,2,5,4,end
55,בת ים חוף,Bat Yam Coast,4,33101,1.020740541,16305,106,16199,49.25833056,מחל,-18.39885119,602,124,83,1009,2368,7446,3766,1237,6819,9894,526.4675,78,0,16,3,8,0,2,0,2,0,3,3,17,2,3,1,3,2,9,1,4,7,end
56,בת ים יוספטל,Bat Yam Yoseftal,4,34207,1.05484643,18165,151,18014,53.10316602,מחל,-12.30065797,578,544,19,460,3319,7004,3948,1971,7864,10070,585.455,91,0,20,3,4,3,3,2,3,0,2,5,9,4,0,2,1,2,6,2,4,5,end
57,בת ים מרכז ועמידר,Bat Yam Centre & Amidar,4,32185,0.992493711,16434,133,16301,51.06105329,מחל,-15.14479359,561,181,55,367,2866,6911,3404,1822,6886,9344,529.7825,63,0,15,0,1,0,1,1,3,1,2,4,12,8,3,4,4,5,5,0,0,2,end
58,חולון הגבורה,Holon Heroism,4,30586,0.943185106,18411,130,18281,60.1942065,מחל,-35.24594669,579,187,30,450,1549,8194,3733,3383,5891,12304,594.1325,90,0,18,1,4,0,1,0,1,5,3,6,8,4,3,3,4,4,7,2,4,8,end
59,חולון החקלאות,Holon Agriculture,4,32866,1.01349381,19569,80,19489,59.5417757,פה,5.949680346,1281,163,59,591,1508,7074,7427,1234,10275,9121,633.3925,59,0,16,0,0,1,0,0,0,2,1,9,25,4,2,0,12,4,6,2,1,8,end
60,חולון הטכנולוגיה,Holon Technology,4,31346,0.966621341,21034,87,20947,67.10266063,מחל,-11.74244239,1028,170,27,669,1080,8948,7076,1797,9211,11662,680.7775,78,0,14,0,4,0,1,0,0,1,2,3,22,2,1,3,6,3,1,4,2,5,end
61,חולון המלאכה,Holon Industry,4,31449,0.969797567,20072,119,19953,63.82396897,מחל,-16.02254428,866,228,27,590,1567,8501,5884,2142,8344,11528,648.4725,67,0,24,0,7,2,1,0,1,0,2,4,14,5,0,2,8,0,4,1,4,2,end
62,חולון מולדת,Holon Homeland,4,32795,1.011304373,22602,102,22500,68.91904254,מחל,-15.26073962,862,146,21,620,1378,10293,7237,1790,9498,12919,731.25,70,0,20,0,4,1,0,1,0,1,1,3,17,8,1,1,6,2,5,2,2,8,end
63,ראשון לציון אליהו,Rishon leZion Eliyahu,4,32111,0.990211761,21824,116,21708,67.96424901,מחל,-13.18732095,834,119,24,721,1307,10086,7229,1250,9394,12248,705.51,72,0,18,0,0,1,0,1,0,1,2,5,8,2,2,1,10,2,4,3,2,4,end
64,ראשון לציון חולות,Rishon leZion Dunes,4,32922,1.015220691,24337,74,24263,73.92321244,מחל,-3.128487003,1015,140,25,733,1032,10502,9648,1040,11720,12477,788.5475,62,0,22,0,6,1,0,0,0,0,1,0,12,0,0,1,1,1,0,1,1,2,end
65,ראשון לציון קריה,Rishon leZion Kirya,4,30821,0.950431836,19107,78,19029,61.99344603,פה,22.25150206,1096,148,35,512,2389,6153,8078,520,11598,7376,618.4425,43,0,15,0,0,2,1,1,2,2,1,1,13,1,0,2,5,1,2,0,1,5,end
66,ראשון לציון ראשונים,Rishon leZion Rishonim,4,32266,0.99499152,20423,81,20342,63.29572925,פה,22.67456205,1216,143,37,792,2204,6368,8973,469,12430,7835,661.115,63,0,19,0,4,1,0,1,3,2,2,6,15,3,0,1,4,5,4,0,0,7,end
67,"ראשון לציון רמב""ם",Rishon leZion Rambam,4,32443,1.000449696,19983,122,19861,61.59418056,מחל,5.155056407,812,269,29,548,3603,7592,5949,914,10393,9374,645.4825,51,0,22,2,1,3,1,0,0,3,0,6,14,3,3,1,5,3,13,1,5,8,end
68,ראשון לציון שיכוני מזרח,Rishon leZion Eastern Housing,4,31290,0.96489446,22254,85,22169,71.12176414,מחל,-11.48816796,914,283,24,857,1411,9668,7432,1408,9781,12320,720.4925,104,0,20,0,3,1,0,0,1,1,1,4,14,2,1,1,3,2,6,2,4,2,end
69,שדות דן,Dan Fields,4,31208,0.962365814,22871,100,22771,73.28569598,מחל,-32.37612861,859,1371,41,1287,680,9493,6097,2656,7677,15028,740.0575,221,0,10,1,1,0,0,1,1,1,1,2,26,1,0,2,2,4,4,0,6,3,end
70,שער ים,Shaar Yam,4,33760,1.041062224,19871,121,19750,58.85959716,מחל,-13.8251894,666,221,34,510,2683,9101,5091,1295,8474,11193,641.875,66,0,20,0,0,2,0,0,1,1,2,8,18,2,2,2,8,1,3,1,4,8,end
71,בקעת בית הכרם,Shughur Valley,5,32692,1.008128146,25316,75,25241,77.4379053,ודעם,96.92332154,224,21,24433,12,5,59,108,290,24770,387,820.3325,5,0,1,1,0,2,17,1,2,3,2,1,7,2,1,7,3,4,3,8,9,10,end
72,בקעת בית נטופה,Battuf Valley,5,31843,0.981947405,21266,142,21124,66.78390855,ודעם,88.66435262,517,3,18478,12,82,227,762,946,19839,1192,686.53,4,0,1,0,0,3,20,4,2,0,3,5,0,4,1,16,3,9,2,5,2,13,end
73,"גיי""א",JYYA,5,32778,1.010780141,20942,235,20707,63.8904143,ודעם,66.53390324,521,11,10634,78,1545,2466,4443,882,17143,3445,672.9775,8,0,3,3,2,3,21,4,3,1,4,14,12,2,1,12,1,4,8,1,5,15,end
74,חוף הגליל ועכו צפון,Galilee Coast & Acre North,5,33128,1.021573144,22392,124,22268,67.59236899,מחל,-12.98865069,892,108,3015,715,1921,9792,3832,1856,9660,12544,723.71,73,0,15,1,1,1,2,2,1,2,3,5,8,2,1,2,3,2,4,2,4,3,end
75,טמרה וכאבול,Tamra & Kabul,5,30949,0.954378992,25014,54,24960,80.82328993,ודעם,98.19219026,63,21,24553,7,0,77,51,117,24667,225,811.2,3,0,0,2,2,3,24,2,3,2,0,0,2,2,1,10,0,2,3,4,3,3,end
76,טנטור ועכו דרום,Tantur & Acre South,5,33564,1.035018142,21542,122,21420,64.18186152,ודעם,74.29134597,208,55,16806,106,907,2215,648,343,18569,2739,696.15,20,0,3,3,3,2,16,4,3,1,1,4,4,4,2,14,4,2,12,8,9,13,end
77,כרמיאל,Carmiel,5,31308,0.965449529,19597,123,19474,62.59422512,מחל,7.431107441,676,414,386,608,3776,7312,5571,590,10409,8969,632.905,45,0,18,0,1,1,2,1,5,3,1,5,19,4,1,1,8,1,11,3,8,3,end
78,מגדל תפן,Tephen,5,32504,1.002330762,18731,137,18594,57.62675363,פה,54.82685971,2052,13,3307,145,3024,3611,5947,395,14330,4181,604.305,17,0,0,1,2,3,10,4,0,1,4,11,9,3,2,7,4,0,4,1,3,14,end
79,מעלה הגעתון,Upper Geaton,5,33065,1.019630404,22284,117,22167,67.39452593,ודעם,32.34042553,1614,188,5838,805,2405,5601,4760,827,14617,7473,720.4275,52,0,14,0,2,0,4,2,5,0,5,6,10,0,2,5,6,3,5,0,3,5,end
80,מזרח הגליל,Eastern Galilee,5,33459,1.031780241,23528,85,23443,70.31889776,ודעם,90.2422323,411,17,21212,524,96,342,507,241,22226,1140,761.8975,16,0,6,0,0,2,11,4,1,2,3,7,3,3,1,6,4,2,7,3,4,8,end
81,מרכז הגליל,Central Galilee,5,31247,0.963568463,20735,85,20650,66.3583704,פה,50.69654165,2289,430,4333,999,1614,3300,7233,279,15469,5061,671.125,53,0,14,2,1,3,11,1,0,2,5,5,38,1,3,5,7,2,8,2,3,7,end
82,נהריה,Naharia,5,33622,1.036806697,21215,118,21097,63.09856641,מחל,-10.38256566,860,117,145,794,2151,9628,6261,1005,9417,11599,685.6525,55,0,18,2,2,2,0,3,2,0,2,2,17,0,1,2,6,3,11,3,0,5,end
83,סחנין ועראבה,Sakhnin & Arrabe,5,33434,1.031009312,25629,76,25553,76.65550039,ודעם,99.34099557,269,14,24987,4,5,48,148,15,25409,84,830.4725,3,0,0,0,0,0,18,0,0,0,1,3,2,1,1,13,1,3,2,3,7,5,end
84,צלמון,Zalmon,5,31434,0.96933501,18181,164,18017,57.83864605,ודעם,74.06559026,1145,143,9328,80,1035,1283,4070,795,15578,2321,585.5525,20,0,2,2,1,2,16,4,2,3,6,10,15,1,3,5,4,4,15,6,5,12,end
85,ראש הנקרא,Rosh haNikra,5,32235,0.994035568,21152,96,21056,65.61811695,מחל,-7.946641258,1515,124,511,576,2231,8967,5404,1588,9661,11329,684.32,74,0,22,1,3,1,0,2,0,0,2,3,15,3,0,1,4,5,3,0,0,1,end
86,שפרעם,Shefa 'Amr,5,32628,1.006154569,21594,186,21408,66.18242001,ודעם,97.3056703,311,4,17975,13,1648,227,1083,38,21017,287,695.76,5,0,0,1,1,5,31,1,3,1,3,9,5,2,1,7,2,4,8,5,5,10,end
87,אצבע הגלל,Finger of Galilee,6,33710,1.039520366,21868,106,21762,64.87095817,מחל,4.153207199,2783,106,97,781,1360,8199,7045,1229,11285,10385,707.265,70,0,14,2,2,2,1,2,1,4,3,2,22,7,8,3,5,3,6,0,1,4,end
88,בקעת כסולות,Ksulot Valley,6,32999,1.017595152,21273,138,21135,64.46558987,ודעם,32.73798214,1204,1031,8409,254,1267,4804,3092,919,13972,7080,686.8875,72,0,11,1,0,0,7,1,3,2,1,4,9,4,2,3,6,7,9,1,6,6,end
89,בקעת מגידו,Meggido Valley,6,33440,1.031194335,22816,120,22696,68.22966507,מחל,-2.117688669,1503,543,36,797,2585,7982,6946,2149,11070,11549,737.62,78,0,16,0,2,1,1,1,0,0,3,4,15,1,1,2,10,2,7,2,0,9,end
90,גשר בנות יעקב,Jacob's Daughters Bridge,6,32835,1.012537859,19784,93,19691,60.25277905,מחל,4.850994224,1577,882,2133,1190,1164,6011,5382,1118,10256,9307,639.9575,106,0,30,1,0,2,3,0,9,1,2,6,19,6,5,0,8,5,6,3,12,10,end
91,טבריה,Tiberias,6,32522,1.00288583,19750,95,19655,60.7281225,מחל,-59.32272542,316,1410,40,552,1456,9989,2176,3545,3988,15620,638.7875,124,0,5,2,4,0,0,0,0,2,1,1,6,2,4,1,3,2,5,0,1,8,end
92,כנא,Cana,6,31713,0.977938575,21985,158,21827,69.32488254,ודעם,97.70336686,373,4,20959,12,58,143,131,87,21521,250,709.3775,4,0,0,2,0,1,9,0,0,0,1,3,4,2,1,7,1,1,5,3,4,12,end
93,כנרת,Sea of Galilee,6,32687,1.00797396,22560,73,22487,69.01826414,פה,-2.407002188,2018,345,637,2550,617,6755,7655,1643,10927,11466,730.8275,173,0,34,1,1,3,1,0,4,1,1,2,19,1,2,1,7,5,4,0,2,5,end
94,נוף הגליל,Nof haGalil,6,33630,1.037053394,18687,246,18441,55.56645852,מחל,18.27569251,465,282,4550,301,3596,6418,2213,398,10824,7479,599.3325,80,0,24,1,6,3,10,2,2,2,4,11,6,1,2,6,6,3,23,3,7,16,end
95,נצרת דרום ויפיע,Nazareth South and Yafa',6,33915,1.045841982,20952,116,20836,61.77797435,ודעם,96.82478406,259,2,19769,12,55,259,311,49,20394,329,677.17,7,0,8,0,0,0,22,5,1,4,3,3,3,8,4,9,2,6,9,12,6,8,end
96,נצרת מרכז,Nazareth Centre,6,32683,1.007850612,19920,128,19792,60.94911728,ודעם,97.91761898,129,4,19058,5,63,173,234,18,19484,205,643.24,5,0,1,0,1,1,17,3,3,2,3,9,2,6,3,6,1,10,12,1,7,15,end
97,עמק הירדן,Jordan Valley,6,32438,1.00029551,22771,69,22702,70.19853259,מחל,-34.78587528,1840,233,65,2607,399,9928,5074,2340,7378,15249,737.815,141,0,20,1,1,1,0,1,1,0,2,5,9,4,2,4,7,1,3,2,3,8,end
98,עפולה,Afoula,6,31810,0.980929779,21016,93,20923,66.06727444,מחל,-20.90769526,737,183,1304,779,1727,10283,4475,1261,8243,12601,679.9975,95,0,21,0,2,1,2,1,0,1,3,6,9,3,1,0,6,4,12,1,2,4,end
99,ציפורי,Sepphoris,6,32559,1.004026805,21408,80,21328,65.75140514,ודעם,78.41177025,2131,32,10110,745,217,1431,6459,62,18917,2289,693.16,19,0,4,1,0,4,14,3,6,2,2,6,9,2,2,15,8,8,7,5,10,14,end
100,צפת והר מירון,Saphed & Mt. Meron,6,33537,1.034185539,21586,126,21460,64.36473149,מחל,-50.92466876,586,2923,1467,1458,1104,7976,2084,3519,5241,16118,697.45,242,0,8,1,1,2,1,0,1,2,2,3,30,13,2,5,2,4,7,1,6,10,end
101,תבור,Tabor,6,33575,1.035357351,22404,107,22297,66.7282204,ודעם,77.01667418,844,276,14518,206,993,1905,3285,141,19640,2550,724.6525,22,0,5,0,1,2,21,2,0,1,1,11,7,8,2,13,3,5,6,4,1,14,end
102,זבולון,Zebulon,7,32779,1.010810978,22927,71,22856,69.94417157,פה,28.74807481,2536,2465,4380,409,351,2619,7362,2559,14629,8096,742.82,44,0,22,1,0,2,17,2,0,3,5,3,32,1,4,8,7,4,5,4,3,8,end
103,חוצות הקריות,Krayot Outer,7,32625,1.006062057,21481,139,21342,65.84214559,מחל,3.187832556,1244,178,32,512,2328,8744,7353,805,10957,10280,693.615,41,0,18,3,3,2,0,0,3,2,6,6,19,1,4,0,7,1,19,7,2,2,end
104,חיפה הדר ועמל,Haifa Hadar & Amal,7,32717,1.008899075,15517,127,15390,47.42794266,ג,-0.89665554,759,3991,2852,181,2152,2549,1808,938,7571,7708,500.175,49,0,22,3,4,5,3,0,3,1,2,5,8,3,2,3,6,11,10,6,4,10,end
105,חיפה חורב,Haifa Horev,7,31598,0.974392303,21543,57,21486,68.17836572,פה,48.48852398,2279,100,206,835,1230,4449,12200,111,15915,5521,698.295,26,0,10,0,3,2,1,2,1,0,0,6,9,1,0,0,3,3,2,0,2,5,end
106,חיפה מרכז הכרמל,Haifa Carmel Centre,7,33047,1.019075335,20466,67,20399,61.92997852,פה,47.98365257,2445,88,587,462,1335,4551,10660,152,15027,5282,662.9675,29,,,,,,,,,,,,,,,,,,,,,,end
107,חיפה נוה שאנן,Haifa Neve Shaanan,7,32207,0.993172128,17438,139,17299,54.14350918,מחל,-0.37819282,889,670,246,1342,2723,5885,4703,673,8561,8626,562.2175,56,0,28,0,4,1,1,3,3,4,2,8,14,6,5,2,10,6,5,2,3,5,end
108,חיפה סטלה מאריס,Haifa Stella Maris,7,32104,0.989995901,19122,122,19000,59.56267132,פה,42.08273894,1334,80,4569,348,1548,4622,5995,399,13446,5481,617.5,32,0,16,0,1,1,2,0,3,2,2,6,11,3,1,1,3,4,8,2,2,5,end
109,חיפה קרית חיים,Haifa Kiryat Haim,7,31652,0.976057509,20506,116,20390,64.78579553,מחל,-13.20754717,851,441,29,1272,1570,8272,6359,1390,8809,11490,662.675,115,0,20,1,3,1,0,0,2,0,1,4,17,4,3,6,8,2,8,0,5,6,end
110,חיפה תחתית,Haifa Downtown,7,32415,0.999586255,15906,141,15865,49.06987506,ודעם,54.60522117,740,60,6115,162,2657,3134,2599,181,12111,3556,515.6125,19,0,12,4,5,1,2,4,4,3,3,6,8,4,1,2,5,7,7,5,1,14,end
111,טירת כרמל וחיפה שער עלייה,Tirat Carmel & Haifa Shaar Aliyah,7,32259,0.99477566,20780,138,20642,64.41613193,מחל,-27.74507419,736,101,292,521,1925,10733,4473,1693,7426,13129,670.865,81,0,18,0,0,2,4,2,1,2,0,2,8,7,3,3,5,3,7,3,1,16,end
112,נשר וחיפה טכניון,Nesher & Haifa Technion,7,32505,1.002361599,20826,111,20715,64.07014305,פה,16.50598324,1276,248,105,564,2704,7092,7939,672,12024,8617,673.2375,41,0,27,0,0,1,0,0,3,0,2,4,15,1,0,0,6,3,4,0,1,7,end
113,קרית אתא,Kiryat Ata,7,32072,0.989009112,21762,115,21647,67.85357945,מחל,-41.91636178,567,682,16,1087,1668,11262,4020,2191,6271,15322,703.5275,100,0,9,2,0,0,0,1,1,2,3,2,11,5,0,1,1,0,3,0,7,6,end
114,קרית ביאליק,Kiryat Bialik,7,30559,0.942352503,19971,128,19843,65.35226938,פה,9.184757856,901,170,21,534,1728,7579,8138,633,10788,8973,644.8975,57,0,22,0,4,3,1,1,1,0,1,6,15,3,1,2,9,0,4,1,3,5,end
115,קרית ים,Kiryat Yam,7,31244,0.963475951,17355,166,17189,55.54666496,מחל,-13.78542984,428,130,12,366,3590,8354,3331,805,7361,9715,558.6425,60,0,19,1,1,3,2,2,5,4,4,9,12,5,4,4,2,3,17,4,4,8,end
116,קרית מוצקין,Kiryat Motzkin,7,32013,0.987189721,20397,139,20258,63.71474089,מחל,4.67215554,868,111,27,677,2449,8132,7208,632,10552,9610,658.385,58,0,16,1,3,2,1,4,2,2,4,3,12,6,5,1,7,6,4,2,3,12,end
117,אום אל-פחם,Um El-Fahm,8,33590,1.035819908,21173,123,21050,63.03364096,ודעם,99.19866444,87,1,20726,7,4,62,64,11,20881,84,684.125,3,0,1,1,1,1,17,1,1,4,2,3,2,2,0,12,4,6,3,7,4,13,end
118,בקעת תענך,Taanakh Valley,8,33514,1.033476284,22482,79,22403,67.08241332,ודעם,66.2260854,1414,52,11894,329,244,3038,4998,305,18550,3769,728.0975,45,0,7,0,0,2,13,1,1,1,3,5,10,4,0,8,3,6,12,2,4,2,end
119,הר הכרמל,Carmel Mountain,8,34017,1.048987371,21112,106,21006,62.0630861,פה,60.43220501,1767,125,2400,521,886,3145,11725,306,16778,4138,682.695,41,0,6,0,1,2,7,1,4,2,6,7,7,0,2,2,6,4,7,1,6,19,end
120,ואדי עארה,Ara Valley,8,32802,1.011520233,22850,104,22746,69.66038656,ודעם,98.14577723,181,4,22180,7,4,139,76,53,22441,210,739.245,7,0,3,1,0,0,15,3,1,1,2,0,2,3,1,15,6,8,8,4,6,16,end
121,זיתה,Zeita,8,32099,0.989841716,19712,114,19598,61.41001277,ודעם,99.05626507,124,1,19170,17,2,35,109,35,19405,92,636.935,4,0,0,0,3,3,21,1,5,1,2,1,5,12,2,19,3,3,8,3,1,8,end
122,חדרה מערב,Hadera West,8,33559,1.034863956,20662,142,20520,61.56917667,מחל,-26.30754929,793,250,99,721,1593,10050,5046,1801,7531,12908,666.9,86,0,7,2,0,2,1,1,1,1,3,4,20,5,1,1,1,2,8,3,2,16,end
123,חדרה מרכז,Hadera Centre,8,31407,0.968502407,20452,123,20329,65.11924093,מחל,-4.978269459,1067,353,94,572,1979,7894,6480,1740,9620,10628,660.6925,69,0,21,2,0,1,0,0,0,0,3,8,12,2,1,3,7,5,5,5,1,5,end
124,חוף הכרמל,Carmel Coast,8,33933,1.046397051,21420,129,21291,63.12439218,מחל,16.59510216,1136,162,4773,490,1324,6927,5122,1184,12355,8838,691.9575,75,0,14,1,2,1,11,0,3,2,1,7,12,2,1,6,4,6,6,2,3,14,end
125,עין שמר,Ein Shemer,8,32783,1.010934327,22548,85,22463,68.77955038,מחל,8.17458188,1966,254,1669,1687,1714,6854,6746,1320,12095,10267,730.0475,152,0,29,1,2,1,2,1,2,1,2,6,21,3,1,1,7,4,1,1,5,10,end
126,עמק חפר,Hefer Valley,8,31908,0.98395182,23834,48,23786,74.696001,פה,51.36137571,3637,104,181,887,430,4174,13708,552,17956,5770,773.045,53,0,19,0,0,3,0,0,0,2,0,1,14,6,1,1,10,0,0,0,1,2,end
127,פרדס חנה - כרכור,Pardes Hannah-Karkur,8,31951,0.985277817,22970,86,22884,71.8913336,פה,13.28162657,2536,164,168,1205,895,7361,9327,1116,12926,9895,743.73,49,0,16,0,0,4,1,1,2,1,1,1,16,2,0,2,2,3,2,5,2,2,end
128,רמת הנדיב,Ramat haNadiv,8,33719,1.0397979,23367,89,23278,69.29920816,פה,45.24383939,2102,634,5101,875,458,3883,9196,923,16857,6355,756.535,40,0,9,2,0,2,3,0,3,0,2,2,18,2,0,3,7,0,5,0,2,6,end
129,רמת יקנעם,Yokneam Heights,8,32852,1.01306209,23357,89,23268,71.09765007,פה,24.22896088,3094,204,101,691,1661,7122,9544,697,14400,8783,756.21,69,0,22,0,0,2,1,1,1,1,0,4,25,2,2,0,8,2,5,1,2,6,end
130,"גבעתיים דרום ות""א מזרח",Tel Aviv East & Givatayim South,9,32605,1.005445314,22192,87,22105,68.06318049,פה,29.09553215,3172,186,249,750,652,5743,10143,1058,14216,7808,718.4125,71,0,30,1,1,1,1,1,0,0,0,2,13,4,0,0,8,2,6,0,8,3,end
131,גבעתיים צפון,Givatayim North,9,32555,1.003903456,22689,72,22617,69.69436339,פה,49.10848931,3199,140,219,674,657,4555,12734,325,16809,5737,735.0525,43,0,29,0,0,2,0,0,1,1,1,3,11,4,0,0,7,1,3,0,4,4,end
132,יפו אבו כביר,Jaffa Abu Kabir,9,32427,0.999956301,18569,151,18418,57.26400839,מחל,-20.6936038,1181,143,1740,369,1017,7465,3334,3029,7272,11067,598.585,61,0,15,1,1,1,3,2,2,1,1,9,10,4,1,5,4,5,4,4,1,5,end
133,"יפו מרכז ות""א פלורנטין",Jaffa Centre & Tel Aviv Florentin,9,33987,1.048062257,18473,82,18391,54.35313502,פה,71.26141396,3255,43,5384,214,439,2128,6583,214,15661,2628,597.7075,29,0,29,0,2,2,0,1,1,1,4,3,21,2,2,6,4,6,5,4,5,4,end
134,קרית אונו ותל השומר,Kiryat Ono & Tell haShomer,9,32214,0.993387988,23705,64,23641,73.5860185,פה,33.19190462,2312,106,97,863,852,6119,12435,728,15696,7873,768.3325,57,0,20,0,0,0,1,1,1,0,2,2,11,5,0,2,10,0,3,0,8,6,end
135,"ר""ג הבורסה",Ramat Gan Bourse,9,32339,0.997242632,21052,73,20979,65.09786945,פה,36.87281772,2532,150,187,616,866,5402,10723,382,14308,6599,681.8175,49,0,32,0,0,0,1,0,2,0,1,3,13,1,2,0,9,4,2,0,0,2,end
136,"ר""ג פארק לאומי",Ramat Gan National Park,9,32962,1.016454177,23060,91,22969,69.95934713,פה,9.827044025,1916,309,107,1348,813,7177,9737,1411,12573,10323,746.4925,78,0,26,1,1,3,1,0,3,2,4,1,11,0,0,0,10,1,2,0,0,7,end
137,"ר""ג שיכונים",Ramat Gan Development Neighbourhoods,9,33014,1.018057709,23081,86,22995,69.91276428,פה,20.86023382,2133,294,100,955,995,6835,10625,909,13853,9071,747.3375,78,0,25,1,1,1,0,0,0,1,0,7,13,4,3,1,3,2,1,1,4,3,end
138,"ר""ג שלישות",Ramat Gan Shalishut,9,31429,0.969180824,18360,76,18284,58.41738522,פה,27.21578109,1864,274,164,639,1166,5068,8382,594,11576,6623,594.23,48,0,30,3,4,0,0,3,1,1,1,2,17,0,1,0,6,2,2,1,7,4,end
139,"ת""א אחוזת בית",Tel Aviv Ahuzat Bayit,9,33017,1.01815022,18744,56,18688,56.77075446,פה,60.37806777,4093,253,691,295,419,2854,9729,263,14932,3689,607.36,24,0,35,0,1,2,1,1,0,0,1,0,12,1,0,1,7,2,1,0,1,1,end
140,"ת""א בבלי ורמת אביב",Tel Aviv Babylon & Ramat Aviv,9,32490,1.001899042,22108,57,22051,68.04555248,פה,59.19090909,3399,113,325,533,560,3646,13227,176,17511,4489,716.6575,21,0,17,1,0,0,0,0,1,0,0,1,12,2,1,0,8,3,3,1,1,0,end
141,"ת""א גדות הירקון",Tel Aviv Yarkon Banks,9,32845,1.01284623,21416,41,21375,65.20322728,פה,66.90523905,3903,148,394,526,491,2675,12702,98,17490,3468,694.6875,21,0,27,0,0,0,0,0,0,2,3,2,10,1,0,1,5,3,1,0,0,2,end
142,"ת""א דרום העיר",Tel Aviv South,9,33952,1.046982957,18306,113,18193,53.917295,מחל,-14.67034483,2156,354,593,422,569,7083,4415,2441,7733,10392,591.2725,92,0,20,1,1,3,0,0,2,4,1,2,12,1,2,1,5,4,2,2,1,4,end
143,"ת""א הצפון הישן",Tel Aviv Old North,9,33811,1.042634918,18999,38,18961,56.19177191,פה,64.72584579,3369,89,399,484,532,2676,11232,55,15532,3326,616.2325,22,0,19,2,0,2,0,0,0,1,0,3,6,2,0,0,4,1,2,1,1,0,end
144,"ת""א כפר שלם",Tel Aviv Kfar Shalem,9,33421,1.030608429,21072,112,20960,63.05017803,מחל,-30.07133624,1043,378,70,606,1610,9643,4580,2868,7303,13584,681.2,89,0,22,1,4,2,0,1,1,0,1,7,11,4,1,1,4,3,1,1,1,7,end
145,"ת""א שוברי גלים",Tel Aviv Tidebreakers,9,32661,1.007172194,21139,83,16474,64.72245185,פה,59.6809547,3172,105,445,336,424,2663,9072,170,13113,3311,535.405,37,0,29,0,0,0,0,0,0,0,1,3,9,0,0,1,2,1,1,1,0,2,end
146,"ת""א שרונה",Tel Aviv Sarona,9,32743,1.009700841,21660,64,21596,66.15154384,פה,62.10868556,4047,202,521,659,519,3062,12364,127,17451,4079,701.87,29,0,41,1,0,2,1,0,0,0,1,2,6,3,0,0,4,1,2,0,0,2,end
147,בית ליד,Beit Lid,10,31854,0.982286613,23103,113,22990,72.52778301,מחל,-7.041884817,1126,221,34,1179,906,9034,8587,1739,10653,12267,747.175,94,0,19,0,2,2,0,0,3,1,1,7,14,2,0,2,6,1,2,2,5,1,end
148,הדר ומורשה,Morasha & Hadar,10,32352,0.997643515,24136,58,24078,74.60435213,פה,39.62861187,2390,379,91,578,660,5406,13627,841,16768,7250,782.535,46,0,17,0,0,1,0,1,1,1,3,6,5,1,2,3,4,1,7,1,5,1,end
149,הרצליה גלילות,Herzlia Glilot,10,30998,0.955890012,21340,67,21273,68.84315117,פה,36.24050215,1949,168,92,511,854,5361,11539,683,14434,6755,691.3725,32,0,29,2,1,0,1,1,0,0,3,3,24,4,0,0,5,1,0,0,1,7,end
150,הרצליה מרכז ועמל,Herzlia Centre & Amal,10,31846,0.982039916,21416,72,21344,67.24863405,פה,20.57344301,1847,411,88,722,970,6340,9921,914,12826,8449,693.68,62,0,19,1,0,1,0,2,0,5,3,3,13,2,1,1,5,2,4,3,1,3,end
151,לב השרון,Heart of Sharon,10,31018,0.956506755,23706,75,23631,76.42659101,פה,36.29535328,2166,141,66,899,606,5753,13221,645,16059,7506,768.0075,68,0,20,1,0,0,0,2,1,2,1,3,17,1,0,1,5,2,1,1,5,3,end
152,מגדיאל ורמתיים,Magdiel & Ramatayim,10,32891,1.014264739,25057,71,24986,76.18193427,פה,43.01303912,2475,131,85,622,761,5709,14502,600,17823,7102,812.045,40,0,19,0,0,1,0,1,0,0,1,1,25,4,0,0,3,1,3,1,0,1,end
153,נופי ים,Sea View,10,31156,0.960762282,20498,53,20445,65.79150083,פה,43.64527193,2046,94,132,476,672,4830,11809,329,14659,5751,664.4625,22,0,3,2,0,1,0,0,1,1,1,1,11,2,3,0,2,3,1,0,1,2,end
154,נתניה מזרח,Netanya East,10,32287,0.9956391,20346,113,20233,63.01607458,מחל,-50.19594226,433,646,15,1401,1373,8818,3199,4151,5020,15139,657.5725,123,0,10,1,1,1,1,3,4,1,3,5,15,4,1,4,5,3,6,0,1,5,end
155,נתניה מחנה יעקב,Netanya Jacob,10,33945,1.046767097,19729,128,19601,58.12048903,מחל,-28.48136948,514,216,14,610,2214,9273,4235,2378,6977,12534,637.0325,57,0,15,3,4,1,0,1,3,1,5,7,11,0,4,3,3,6,7,3,7,6,end
156,נתניה מרכז,Netanya Centre,10,33779,1.04164813,16688,115,16573,49.40347553,מחל,-25.38652762,524,411,16,729,1958,7325,3655,1795,6153,10340,538.6225,80,0,13,0,2,1,0,1,2,1,2,3,23,5,3,1,6,3,2,1,2,9,end
157,נתניה פולג,Netanya Poleg,10,31409,0.968564081,19803,105,19698,63.04880767,מחל,-5.259402711,809,220,30,630,1875,7911,6581,1505,9295,10327,640.185,61,0,16,0,0,1,2,7,1,0,3,4,9,4,1,3,1,2,6,2,8,6,end
158,נתניה צפון,Netanya North,10,32465,1.001128113,18539,114,18425,57.10457416,מחל,-34.55337691,527,1999,14,784,1826,7575,3641,1910,6008,12352,598.8125,84,0,17,2,1,2,0,1,0,1,1,2,11,5,1,2,4,4,3,0,3,5,end
159,ספיר,Sapir,10,32573,1.004458525,24872,71,24801,76.35771958,פה,19.45679412,1660,132,57,949,1237,7592,11824,1211,14778,9964,806.0325,80,0,25,0,0,1,1,0,0,1,1,3,12,3,1,0,4,0,3,0,2,2,end
160,"רמה""ש צפון והרצליה דרום",Ramat haSharon North & Herzlia South,10,33402,1.030022524,23895,41,23854,71.53763248,פה,57.21907162,2621,200,133,409,617,4198,15342,253,18713,5092,775.255,32,0,22,1,0,0,0,0,2,1,0,3,6,3,0,1,5,0,1,0,3,1,end
161,רעננה מזרח,Raanana East,10,32781,1.010872653,21727,73,21654,66.27924712,פה,8.441768928,1640,415,57,2632,608,5818,9404,952,11709,9886,703.755,69,0,30,1,1,0,0,0,0,0,1,0,11,0,0,0,2,2,0,1,5,5,end
162,רעננה מערב,Raanana West,10,32976,1.016885897,22575,74,22501,68.45887918,פה,19.84317919,1679,323,62,1567,652,6134,11057,907,13450,8996,731.2825,65,0,19,2,0,2,0,0,1,1,2,2,10,2,2,1,4,1,1,2,2,1,end
163,"ת""א אפקה",Tel Aviv Afeka,10,33532,1.034031353,23485,62,23423,70.03757605,פה,64.99315771,3501,112,376,387,506,3463,14908,102,19291,4093,761.2475,29,0,18,0,1,0,0,0,0,0,2,2,4,1,1,0,4,1,4,0,1,0,end
164,"ת""א עתידים",Tel Aviv Atidim,10,32793,1.011242698,23260,70,23190,70.9297716,פה,47.76745191,3054,689,254,441,731,4349,13054,516,17093,6042,753.675,47,0,19,0,1,1,0,1,1,3,0,1,11,3,1,0,7,0,4,0,0,2,end
165,אייל,Eyal,11,32942,1.015837434,24627,77,24550,74.75866675,פה,28.19046841,2407,131,108,1370,1034,6471,12146,761,15695,8792,797.875,59,0,20,0,1,2,0,0,3,0,0,1,20,2,0,1,6,2,0,1,2,2,end
166,אפרים,Ephraim,11,32897,1.014449762,25263,60,25203,76.79423656,מחל,-42.95379472,575,327,14,6995,803,9661,5775,705,7167,17960,819.0975,272,0,26,0,1,1,0,0,1,1,4,0,15,0,0,0,12,0,1,2,2,10,end
167,"ב""ב דרום",Bnei Brak South,11,31611,0.974793186,25124,275,24849,79.47866249,ג,-97.66402191,49,17133,8,245,72,806,161,6268,290,24539,807.5925,87,0,2,0,1,1,1,0,1,0,0,1,0,1,1,0,3,1,0,0,0,3,end
168,"ב""ב מזרח",Bnei Brak East,11,32610,1.0055995,24979,300,24679,76.5992027,ג,-98.78365229,26,17417,1,160,33,691,90,6152,150,24514,802.0675,94,0,1,0,0,0,0,0,0,0,1,0,3,2,2,0,0,3,0,0,2,1,end
169,"ב""ב צפון",Bnei Brak North,11,32731,1.009330795,24831,281,24550,75.86385995,ג,-91.92528853,156,13796,11,576,245,1998,578,7041,990,23531,797.875,120,0,6,0,3,1,0,0,2,0,2,1,3,1,1,1,1,2,1,2,1,1,end
170,"ג. שמואל ופ""ת נוה עוז",Givat Shmuel & Petah Tikva Neve Oz,11,32161,0.991753619,24490,72,24418,76.14812972,פה,-18.41867346,1192,451,62,4993,684,7720,7988,1119,9926,14408,793.585,125,0,31,1,0,0,0,1,0,1,1,3,24,0,0,1,14,0,1,0,4,2,end
171,הרי שומרון,Samaria Mountains,11,31464,0.970260125,22646,115,22531,71.97431986,מחל,-67.29201016,157,1195,18,6520,1950,9101,1545,1319,3670,18771,732.2575,636,0,34,0,1,4,0,1,0,1,1,1,10,2,0,0,12,1,1,0,0,21,end
172,טירא ודרום טייבה,Tira & Taibe South,11,31995,0.986634652,23038,131,22907,72.00500078,ודעם,99.29981182,243,20,22298,10,2,36,228,11,22771,80,744.4775,3,0,1,0,0,0,17,0,2,0,1,3,2,1,1,5,2,3,2,0,5,11,end
173,כפר סבא דרום,Kfar Saba South,11,33228,1.024656859,23175,92,23083,69.74539545,פה,36.78580746,2496,145,123,969,1214,5654,11896,443,15729,7269,750.1975,58,0,28,1,0,0,1,2,2,1,5,6,19,2,2,2,6,3,2,1,1,1,end
174,כפר סבא צפון,Kfar Saba North,11,33802,1.042357384,25327,83,25244,74.92751908,פה,29.91775326,2113,203,85,1064,982,6704,13011,693,16191,8734,820.43,70,0,34,2,1,2,0,0,3,2,1,2,14,5,1,1,3,3,6,0,2,7,end
175,מעלה הירקון,Upper Yarkon,11,33262,1.025705322,25118,121,24997,75.51560339,ודעם,80.35800289,1705,30,16781,237,139,1939,3844,225,22469,2447,812.4025,16,0,8,2,2,1,14,2,2,1,0,1,3,3,4,7,3,5,7,8,2,6,end
176,"פ""ת אם המושבות וצפון",Petah Tikva Em haMoshavot  & North,11,32284,0.995546589,24015,87,23928,74.3866931,פה,10.51154217,1168,252,32,1480,1841,8088,10148,801,13189,10680,777.66,59,0,18,0,1,0,0,3,0,0,1,1,15,3,0,2,5,4,1,0,1,4,end
177,"פ""ת הדר גנים",Petah Tikva Hadar Ganim,11,32943,1.015868271,23876,130,23746,72.47670218,מחל,-60.47484263,437,2695,10,3342,1426,8890,2805,3916,4678,18993,771.745,150,0,12,2,0,3,0,1,0,0,2,6,19,4,3,4,6,2,0,3,1,7,end
178,"פ""ת כפר גנים ודרום",Petah Tikva Kfar Ganim & South,11,30977,0.955242432,21182,124,21058,68.37976563,מחל,-13.23704657,928,1555,35,2844,2079,6178,6059,1206,9101,11878,684.385,95,0,14,1,0,2,0,0,0,1,4,4,17,8,1,2,7,3,5,1,3,6,end
179,"פ""ת מושבה",Petah Tikva Moshava,11,31499,0.971339425,18722,111,18611,59.43680752,מחל,-8.1807873,672,886,38,1010,2796,6670,4996,1382,8502,10017,604.8575,69,0,21,0,0,0,0,3,1,2,3,9,18,6,4,0,4,4,9,5,2,1,end
180,"פ""ת עין גנים ופג'ה",Petah Tikva Ein Ganim & Fejja,11,32262,0.994868171,21865,110,21755,67.77323167,מחל,-28.95988182,713,466,30,1659,1815,9218,5136,2508,7694,13967,707.0375,116,0,29,2,1,4,0,5,2,3,3,3,14,2,1,1,6,5,6,0,2,5,end
181,קלנסווה וצפון טייבה,Qalansawa & Taibe North,11,30959,0.954687363,22240,107,22133,71.83694564,ודעם,92.8917902,241,8,20311,57,37,631,686,82,21275,784,719.3225,6,0,1,1,0,1,19,0,0,1,2,0,6,1,4,8,2,2,6,6,7,7,end
182,קרית אריה,Kiryat Aryeh,11,32263,0.994899008,22717,128,22589,70.41192698,מחל,-47.75078822,600,3917,28,787,1246,6228,4009,5588,5883,16636,734.1425,116,0,21,0,2,1,1,0,0,0,4,3,8,4,2,0,10,2,0,2,2,8,end
183,אילת מרכז ושחמון,Eilat Centre & Shahamon,12,33035,1.018705289,16035,71,15964,48.53942788,מחל,-18.91654098,627,89,142,495,1008,7933,4674,869,6451,9461,518.83,75,0,11,0,2,1,0,0,1,0,2,4,8,2,0,1,9,1,1,1,3,3,end
184,"ב""ש אוניברסיטה ועומר",Beer Sheva University & Omer,12,31016,0.956445081,22068,91,21977,71.150374,מחל,-17.22721672,1226,186,269,1095,1182,10350,6392,1150,9069,12844,714.2525,63,0,23,3,2,0,0,2,3,2,1,2,15,1,1,3,1,0,1,0,0,4,end
185,"ב""ש אצטדיון טרנר",Beer Sheva Terner Stadium,12,30889,0.952528763,16586,204,16382,53.6954903,מחל,-36.4189563,409,375,160,452,2648,7724,1955,2473,5172,11097,532.415,73,0,12,2,4,2,0,1,0,3,8,10,11,0,3,3,5,3,7,9,6,24,end
186,"ב""ש ואדי",Beer Sheva Wadi,12,32043,0.988114835,21075,134,20941,65.77099523,מחל,-26.36171845,774,168,135,819,2549,10916,4221,1196,7679,13177,680.5825,78,0,16,1,5,1,1,1,5,0,1,4,16,1,1,0,7,1,12,0,2,10,end
187,"ב""ש מרכז",Beer Sheva Centre,12,32011,0.987128046,17766,154,17612,55.49967199,מחל,-37.41504369,676,378,180,1132,1700,8579,2923,1820,5479,12030,572.39,121,0,23,2,5,1,1,1,2,2,3,5,23,2,0,3,5,2,7,4,6,6,end
188,"ב""ש נאות לון",Beer Sheva Neot Lon,12,31685,0.977075135,20148,142,20006,63.58844879,מחל,-29.29008937,631,203,68,910,2591,9935,3752,1736,7042,12876,650.195,92,0,11,2,13,3,0,1,0,1,2,3,13,1,3,0,6,2,6,6,1,14,end
189,בשור,Besor,12,32289,0.995700774,22928,76,22852,71.00870265,פה,17.23986664,3504,1002,726,1512,608,5930,8525,907,13363,9433,742.69,82,0,13,0,0,1,1,1,1,3,0,2,9,1,0,1,10,2,1,1,7,2,end
190,דימונה,Dimona,12,33670,1.03828688,21086,200,20886,62.62548263,מחל,-62.2565767,431,461,117,859,1536,15036,2335,2551,4419,18997,678.795,90,0,8,4,3,0,1,2,2,0,1,6,13,1,3,2,2,2,5,0,4,0,end
191,הערבה,Arava,12,32337,0.997180958,16317,88,16229,50.45922627,מחל,6.527932615,1938,259,226,983,1063,5493,5373,756,8600,7546,527.4425,55,0,14,1,1,0,2,2,1,3,3,2,17,4,1,6,8,4,5,2,3,4,end
192,הרי יהודה,Judean Mountains,12,31428,0.969149987,23504,69,23435,74.78681431,טב,-62.18487395,691,595,65,9415,356,7852,3298,490,4410,18914,761.6375,562,0,24,2,0,1,1,0,0,1,14,5,32,0,1,3,8,1,0,0,3,15,end
193,מדבר יהודה וים המלח,Judean Desert & Dead Sea,12,31065,0.957956101,19795,111,19684,63.72122968,מחל,-21.78405197,768,3524,177,2741,2703,5012,3998,468,7646,11905,639.73,160,0,23,2,5,3,2,0,12,3,6,4,14,3,2,13,7,4,9,5,4,12,end
194,נאות מדבר,Oases,12,31439,0.969489196,17246,95,17151,59.20298477,ודעם,95.96636679,57,17,16147,54,17,233,443,28,16664,343,557.4075,11,0,2,3,1,1,10,3,4,2,5,3,6,5,6,11,4,18,14,10,10,26,end
195,נתיבות,Netivot,12,31649,0.975964998,24449,111,24338,77.25046605,מחל,-78.51995223,305,1612,7,2296,1076,9771,1220,7789,2608,21675,790.985,207,0,11,0,0,1,0,0,0,0,2,4,15,1,3,3,1,4,2,4,0,4,end
196,רהט,Rahat,12,33988,1.048093094,22545,157,22388,66.33223491,ודעם,98.1496452,881,10,20711,35,29,136,439,16,22060,206,727.61,9,0,1,4,0,4,16,1,2,1,2,5,3,3,2,19,7,4,9,5,10,24,end
197,שדה תימן,Yemen Field,12,32541,1.003471736,21735,175,21560,66.79266157,מחל,-55.02325581,371,2266,32,795,2382,9587,2050,3894,4835,16665,700.7,123,0,14,0,4,6,1,1,2,2,0,2,9,1,0,0,3,2,5,0,1,7,end
198,שוקת,Shoket,12,30862,0.95169616,16067,156,15911,59.58327708,ודעם,96.27635995,170,5,15082,9,13,252,232,20,15497,294,517.1075,8,0,2,0,0,3,22,3,3,2,3,4,1,10,3,10,2,3,10,7,21,11,end
199,תל ערד,Tell Arad,12,30836,0.950894394,15836,101,15735,60.55043093,ודעם,97.34069887,257,5,14640,28,28,126,436,38,15361,207,511.3875,10,0,6,5,1,3,15,2,6,3,2,4,2,9,10,14,6,13,11,7,18,30,end
